SERIES,COLOR,FRAME,X,Y,Z
0,Yellow,0,78.447266,192.848312,-256.500000
0,Yellow,1,80.618767,196.648422,-256.500000
0,Yellow,2,82.247368,190.676819,-253.500000
0,Yellow,3,81.704468,190.134018,-247.500000
0,Yellow,4,78.447266,186.333923,-259.500000
0,Yellow,5,78.990166,186.876816,-262.500000
0,Yellow,6,78.990166,184.705322,-262.500000
0,Yellow,7,78.990166,185.248215,-259.500000
0,Yellow,8,78.447266,186.333923,-259.500000
1,Yellow,0,173.595871,-21.000181,-226.500000
1,Yellow,1,178.848969,-20.045080,-226.500000
1,Yellow,2,178.848969,-18.134781,-223.500000
1,Yellow,3,177.893860,-16.224581,-211.500000
1,Yellow,4,175.506058,-23.865480,-223.500000
1,Yellow,5,175.983658,-21.000181,-226.500000
1,Yellow,6,174.550964,-20.522581,-229.500000
1,Yellow,7,174.073364,-19.567480,-229.500000
1,Yellow,8,175.506058,-20.522581,-232.500000
2,Yellow,0,40.258766,-101.240578,-22.500000
2,Yellow,1,42.310066,-99.189278,-22.500000
2,Yellow,2,42.822865,-100.727783,-16.500000
2,Yellow,3,43.848465,-100.727783,-16.500000
2,Yellow,4,42.822865,-101.753380,-16.500000
2,Yellow,5,42.310066,-101.753380,-16.500000
2,Yellow,6,44.361263,-98.676483,-19.500000
2,Yellow,7,43.848465,-99.189278,-16.500000
2,Yellow,8,44.361263,-96.112480,-13.500000
2,Yellow,9,39.745964,-92.009979,-13.500000
3,Yellow,0,82.130264,75.834023,1.500000
3,Yellow,1,81.576767,71.959419,1.500000
3,Yellow,2,81.576767,73.066521,1.500000
3,Yellow,3,81.576767,71.405922,1.500000
3,Yellow,4,83.790764,72.513016,1.500000
3,Yellow,5,79.916267,74.173515,1.500000
3,Yellow,6,84.897865,75.280518,-1.500000
3,Yellow,7,86.004868,73.620018,-4.500000
3,Yellow,8,87.111862,77.494621,-1.500000
4,Yellow,0,187.563370,113.047020,4.500000
4,Yellow,1,185.934860,113.047020,4.500000
4,Yellow,2,188.649170,109.789818,-1.500000
4,Yellow,3,188.649170,109.246918,-7.500000
4,Yellow,4,186.477661,109.246918,-7.500000
4,Yellow,5,184.849060,111.961220,-7.500000
4,Yellow,6,-170.372040,-10.483781,-10.500000
4,Yellow,7,-167.899231,-10.483781,-7.500000
4,Yellow,8,-167.404739,-6.527281,-4.500000
4,Yellow,9,-172.844833,-7.516381,-4.500000
5,Yellow,0,199.943359,119.992416,4.500000
5,Yellow,1,199.410858,119.992416,7.500000
5,Yellow,2,-127.062332,12.105919,-19.500000
6,Yellow,0,88.558868,55.623119,10.500000
6,Yellow,1,88.036469,56.668018,10.500000
6,Yellow,2,88.036469,53.010818,10.500000
6,Yellow,3,89.081367,50.921021,10.500000
6,Yellow,4,88.036469,51.965919,10.500000
6,Yellow,5,88.036469,55.100620,10.500000
6,Yellow,6,87.513962,56.668018,10.500000
6,Yellow,7,91.171165,58.757820,10.500000
6,Yellow,8,91.171165,59.280220,10.500000
6,Yellow,9,87.513962,60.847618,10.500000
7,Yellow,0,128.975159,-5.344781,22.500000
7,Yellow,1,129.487961,-5.344781,25.500000
7,Yellow,2,129.487961,-7.396081,22.500000
7,Yellow,3,130.513565,-9.960081,16.500000
7,Yellow,4,131.026459,-9.447281,16.500000
8,Yellow,0,-74.513237,-92.986778,-16.500000
8,Yellow,1,-72.299232,-92.986778,-16.500000
8,Yellow,2,-70.638733,-94.647278,-16.500000
8,Yellow,3,-69.531631,-96.307777,-10.500000
8,Yellow,4,-71.192238,-96.307777,-13.500000
9,Yellow,0,-195.700241,-80.213379,-4.500000
9,Yellow,1,-194.614441,-81.841980,-4.500000
9,Yellow,2,-191.900131,-86.727783,-7.500000
9,Yellow,3,-189.185837,-88.356384,-4.500000
9,Yellow,4,-189.728638,-87.270683,-4.500000
9,Yellow,5,-191.357239,-87.270683,-1.500000
9,Yellow,7,-188.100037,-85.642082,1.500000
9,Yellow,8,-190.271530,-80.213379,7.500000
10,Yellow,0,121.138664,25.746319,-1.500000
10,Yellow,1,122.203667,25.213820,1.500000
10,Yellow,2,123.268562,23.084019,1.500000
10,Yellow,3,124.333466,21.486620,-1.500000
10,Yellow,4,121.671165,22.019020,-1.500000
10,Yellow,5,123.268562,22.551519,-4.500000
10,Yellow,6,124.333466,23.616419,-4.500000
10,Yellow,7,126.463364,25.213820,-7.500000
10,Yellow,8,124.333466,30.006020,-1.500000
10,Yellow,9,121.138664,31.070919,-1.500000
11,Yellow,0,71.317963,-20.132582,7.500000
11,Yellow,1,72.362862,-18.565182,7.500000
11,Yellow,2,71.317963,-20.132582,7.500000
11,Yellow,3,72.885262,-20.655081,10.500000
11,Yellow,4,71.317963,-22.744881,10.500000
11,Yellow,5,70.273064,-20.655081,10.500000
11,Yellow,6,72.885262,-19.087681,7.500000
12,Yellow,0,-59.856934,88.329117,-235.500000
12,Yellow,1,-55.631535,85.512115,-241.500000
12,Yellow,2,-50.936634,79.408722,-235.500000
12,Yellow,3,-50.936634,81.286720,-226.500000
12,Yellow,4,-52.814533,77.061317,-238.500000
12,Yellow,5,-52.345036,78.000320,-235.500000
12,Yellow,6,-52.345036,79.878220,-229.500000
12,Yellow,7,-50.936634,76.591820,-229.500000
13,Yellow,0,-21.278536,40.295418,4.500000
13,Yellow,1,-21.791336,38.757019,4.500000
14,Yellow,0,105.993965,-167.324677,-7.500000
14,Yellow,1,107.504463,-165.310577,-4.500000
14,Yellow,2,105.993965,-163.800079,-4.500000
15,Yellow,0,-146.633331,-137.585175,-16.500000
15,Yellow,1,-145.149628,-133.628677,-16.500000
15,Yellow,2,-143.171341,-137.090576,-16.500000
15,Yellow,3,-141.687729,-138.574280,-16.500000
15,Yellow,4,-139.709442,-141.047073,-16.500000
15,Yellow,5,-144.160538,-139.563385,-16.500000
15,Yellow,7,-140.204041,-137.585175,-19.500000
15,Yellow,8,-140.204041,-135.606888,-13.500000
16,Yellow,0,-40.084435,-190.518478,-1.500000
16,Yellow,1,-39.598534,-188.088974,1.500000
16,Yellow,2,-37.654934,-190.518478,4.500000
16,Yellow,3,-39.112637,-188.088974,1.500000
16,Yellow,4,-35.711235,-191.004379,4.500000
16,Yellow,5,-37.624634,-189.638977,-1.500000
16,Yellow,7,-36.239536,-187.330582,-1.500000
16,Yellow,8,-38.548035,-181.328583,1.500000
16,Yellow,9,-42.241535,-179.020187,1.500000
17,Yellow,0,-188.693939,77.369217,7.500000
17,Yellow,1,-187.331528,74.644318,10.500000
17,Yellow,2,-182.790039,68.740417,4.500000
17,Yellow,3,-180.973434,66.015617,4.500000
17,Yellow,4,-181.427628,66.469719,10.500000
17,Yellow,5,-182.790039,68.740417,10.500000
17,Yellow,6,-182.335938,74.644318,16.500000
17,Yellow,7,-179.611038,70.557022,16.500000
17,Yellow,8,-181.427628,72.827721,22.500000
17,Yellow,9,-185.969040,73.736015,22.500000
18,Yellow,0,-207.108032,105.666718,1.500000
18,Yellow,1,-206.802338,101.295517,1.500000
18,Yellow,2,-201.820740,95.206917,-7.500000
18,Yellow,3,-200.160233,91.332321,-7.500000
18,Yellow,4,-200.713730,91.332321,-4.500000
18,Yellow,5,-201.820740,96.313919,1.500000
18,Yellow,7,-196.285629,95.206917,7.500000
18,Yellow,8,-200.713730,97.420921,10.500000
18,Yellow,9,-207.909332,101.295517,13.500000
19,Yellow,0,43.160965,-182.815186,-4.500000
19,Yellow,1,44.246666,-180.643677,-1.500000
19,Yellow,2,45.875263,-180.100784,1.500000
19,Yellow,3,46.418163,-180.643677,1.500000
19,Yellow,4,46.961063,-182.815186,1.500000
19,Yellow,5,44.246666,-180.643677,1.500000
19,Yellow,6,44.789566,-179.015076,1.500000
19,Yellow,7,46.418163,-179.015076,1.500000
20,Yellow,0,-124.327232,94.434120,1.500000
20,Yellow,1,-124.859734,91.239418,1.500000
20,Yellow,2,-120.067535,84.317322,-4.500000
20,Yellow,3,-119.002632,83.784821,-4.500000
20,Yellow,4,-118.470139,83.252419,-1.500000
20,Yellow,5,-120.067535,85.382217,-1.500000
20,Yellow,7,-116.340332,86.447220,1.500000
20,Yellow,8,-116.340332,90.174416,4.500000
20,Yellow,9,-123.262337,91.239418,7.500000
21,Yellow,0,-78.103638,167.950516,-13.500000
21,Yellow,1,-79.670937,164.815826,-13.500000
21,Yellow,2,-74.446434,158.546326,-22.500000
21,Yellow,3,-74.446434,155.934113,-19.500000
21,Yellow,4,-74.446434,157.501419,-16.500000
21,Yellow,5,-77.058739,161.681015,-16.500000
22,Yellow,0,-105.379639,181.318512,-4.500000
22,Yellow,1,-104.866837,177.728821,-4.500000
22,Yellow,2,-100.251534,171.575119,-10.500000
22,Yellow,3,-101.277138,170.549515,-10.500000
22,Yellow,4,-98.200233,172.087921,-10.500000
23,Yellow,0,-147.045135,120.616722,-226.500000
23,Yellow,1,-146.583435,120.155022,-238.500000
23,Yellow,2,-138.273041,114.153023,-235.500000
24,Yellow,0,-61.678036,174.564819,7.500000
24,Yellow,1,-64.195633,171.543716,7.500000
24,Yellow,2,-61.174435,164.494522,7.500000
24,Yellow,3,-60.167435,162.480423,7.500000
24,Yellow,4,-59.160435,164.494522,7.500000
24,Yellow,5,-61.174435,167.012115,7.500000
24,Yellow,6,-59.160435,169.529724,7.500000
25,Yellow,0,168.894562,-64.390579,-1.500000
25,Yellow,1,168.894562,-63.895981,-1.500000
25,Yellow,2,168.400070,-63.895981,1.500000
25,Yellow,3,167.410965,-63.401482,1.500000
25,Yellow,4,168.894562,-63.401482,1.500000
25,Yellow,5,166.916367,-62.906879,1.500000
25,Yellow,6,167.410965,-62.412380,1.500000
25,Yellow,7,170.378265,-59.939579,-10.500000
25,Yellow,8,170.872864,-57.466782,-7.500000
25,Yellow,9,168.400070,-54.499382,-7.500000
26,Yellow,0,70.702965,38.830917,-10.500000
26,Yellow,1,70.702965,37.373219,-7.500000
26,Yellow,2,71.188866,37.859119,-4.500000
26,Yellow,3,72.646667,36.887318,-4.500000
26,Yellow,4,72.160767,37.373219,-4.500000
26,Yellow,5,70.702965,37.859119,-4.500000
26,Yellow,6,73.132568,39.802719,-7.500000
26,Yellow,7,74.590263,40.774620,-7.500000
26,Yellow,8,75.076164,42.232319,-4.500000
26,Yellow,9,72.160767,41.746418,-7.500000
27,Yellow,0,-106.491234,59.762520,-16.500000
27,Yellow,1,-105.987732,58.251919,-16.500000
27,Yellow,2,-101.959534,52.209721,-22.500000
27,Yellow,3,-101.456032,52.713219,-19.500000
27,Yellow,4,-102.463036,50.699120,-19.500000
27,Yellow,5,-103.973633,53.216721,-19.500000
27,Yellow,6,-102.463036,55.734318,-19.500000
27,Yellow,7,-101.959534,54.223721,-19.500000
28,Yellow,0,-176.306732,-3.559981,-10.500000
28,Yellow,1,-174.328537,-6.032781,-10.500000
28,Yellow,2,-170.866638,-9.989181,-16.500000
28,Yellow,3,-167.404739,-13.451081,-13.500000
28,Yellow,4,-167.404739,-12.461981,-13.500000
28,Yellow,5,-169.382935,-11.967481,-13.500000
28,Yellow,6,-171.855728,-8.010981,-10.500000
28,Yellow,7,-168.393829,-11.967481,-10.500000
28,Yellow,8,-170.372040,-9.000081,-10.500000
28,Yellow,9,-175.812241,-6.527281,-7.500000
29,Yellow,0,-133.865036,20.366320,-10.500000
29,Yellow,1,-132.407333,17.936819,-10.500000
29,Yellow,2,-128.034134,12.105919,-22.500000
30,Yellow,0,-116.282532,2.877819,-4.500000
30,Yellow,1,-115.804932,1.445119,-4.500000
30,Yellow,2,-113.417137,-1.897781,-10.500000
30,Yellow,3,-110.551834,-4.763181,-10.500000
30,Yellow,4,-111.506935,-4.285581,-10.500000
30,Yellow,5,-112.939636,-0.942681,-7.500000
30,Yellow,7,-109.596733,0.490019,-1.500000
30,Yellow,8,-109.596733,2.400219,1.500000
31,Yellow,0,-43.894234,-83.504379,-1.500000
31,Yellow,1,-42.955235,-83.973885,-1.500000
31,Yellow,2,-41.077335,-86.321381,-1.500000
31,Yellow,3,-41.077335,-87.729881,4.500000
31,Yellow,4,-40.138336,-90.077278,1.500000
31,Yellow,5,-41.546837,-88.199379,1.500000
31,Yellow,6,-37.321434,-86.790878,4.500000
31,Yellow,7,-38.260334,-86.790878,4.500000
31,Yellow,8,-39.199337,-82.095978,7.500000
31,Yellow,9,-43.894234,-80.217979,7.500000
32,Yellow,0,202.795563,-7.746081,-28.500000
32,Yellow,1,203.349167,-7.192581,-28.500000
32,Yellow,2,203.902557,-8.299581,-28.500000
32,Yellow,3,201.135071,-8.299581,-31.500000
32,Yellow,4,201.688568,-11.067181,-34.500000
32,Yellow,5,201.135071,-8.853081,-34.500000
32,Yellow,6,202.795563,-7.192581,-40.500000
32,Yellow,7,203.349167,-6.085581,-43.500000
33,Yellow,0,201.135071,-9.640780,-4.500000
33,Yellow,1,200.049362,-8.555080,-4.500000
33,Yellow,2,200.592163,-9.097881,-4.500000
33,Yellow,3,199.506470,-10.183681,-4.500000
33,Yellow,4,198.963562,-12.355081,-7.500000
33,Yellow,5,198.963562,-9.097881,-7.500000
33,Yellow,6,200.049362,-9.097881,-13.500000
33,Yellow,7,200.049362,-6.926481,-13.500000
34,Yellow,0,41.557365,54.207821,-223.500000
34,Yellow,1,45.190464,55.116119,-223.500000
34,Yellow,2,49.731964,51.482918,-220.500000
34,Yellow,3,47.461266,52.845421,-211.500000
34,Yellow,4,45.190464,48.758118,-223.500000
34,Yellow,5,47.461266,50.120518,-226.500000
34,Yellow,6,50.186066,50.574718,-226.500000
35,Yellow,0,153.086563,-127.070885,16.500000
35,Yellow,1,155.216370,-126.005981,19.500000
35,Yellow,2,152.021561,-124.941078,22.500000
36,Yellow,0,145.506271,-141.341675,19.500000
36,Yellow,1,149.163467,-140.296783,19.500000
36,Yellow,2,145.506271,-139.251877,22.500000
36,Yellow,3,145.506271,-138.729385,25.500000
36,Yellow,4,146.551163,-138.729385,25.500000
36,Yellow,5,143.938965,-138.206985,25.500000
36,Yellow,6,146.028763,-137.162079,22.500000
36,Yellow,7,146.028763,-133.504883,22.500000
36,Yellow,8,147.596069,-130.892578,25.500000
36,Yellow,9,143.938965,-127.235481,25.500000
37,Yellow,0,130.513565,-15.601081,25.500000
37,Yellow,1,130.000763,-15.601081,25.500000
37,Yellow,2,130.513565,-16.113880,28.500000
37,Yellow,3,128.462372,-16.113880,28.500000
37,Yellow,4,128.975159,-15.088281,28.500000
37,Yellow,5,130.000763,-15.088281,28.500000
37,Yellow,6,130.000763,-12.011381,25.500000
37,Yellow,7,129.487961,-9.447281,25.500000
37,Yellow,8,133.077667,-8.421680,28.500000
37,Yellow,9,130.000763,-5.344781,28.500000
38,Yellow,0,-170.941635,-129.560776,28.500000
38,Yellow,1,-172.452240,-131.574875,28.500000
38,Yellow,2,-170.941635,-135.099487,19.500000
38,Yellow,3,-169.431137,-138.624084,19.500000
38,Yellow,4,-168.927628,-136.609985,19.500000
38,Yellow,5,-172.452240,-135.099487,19.500000
39,Yellow,0,-126.356438,-117.308281,22.500000
39,Yellow,1,-124.378136,-117.308281,25.500000
39,Yellow,2,-122.894539,-121.264679,22.500000
39,Yellow,3,-121.410835,-120.770180,22.500000
39,Yellow,4,-120.916237,-122.748383,22.500000
39,Yellow,5,-123.883636,-121.264679,22.500000
39,Yellow,6,-122.894539,-122.253883,28.500000
39,Yellow,7,-119.432632,-120.275581,25.500000
39,Yellow,8,-120.916237,-117.802780,28.500000
39,Yellow,9,-125.861832,-113.846382,28.500000
40,Yellow,0,-128.034134,-75.843781,-4.500000
40,Yellow,1,-125.604538,-76.329681,-4.500000
40,Yellow,2,-121.231438,-79.731079,-7.500000
40,Yellow,3,-121.231438,-81.188782,-7.500000
40,Yellow,4,-120.259537,-82.160583,-4.500000
40,Yellow,5,-122.689133,-80.702881,-1.500000
40,Yellow,6,-119.773636,-80.216980,-1.500000
40,Yellow,7,-121.717339,-79.245178,-1.500000
40,Yellow,8,-122.689133,-76.329681,4.500000
41,Yellow,0,-18.382935,14.816719,19.500000
41,Yellow,1,-18.860435,12.906519,19.500000
41,Yellow,2,-16.472635,11.473819,19.500000
41,Yellow,3,-14.562435,8.130919,19.500000
41,Yellow,4,-15.040035,8.130919,19.500000
41,Yellow,5,-16.472635,10.518719,19.500000
41,Yellow,6,-15.995135,13.861619,19.500000
42,Yellow,0,-78.167038,13.210619,19.500000
42,Yellow,1,-77.228035,10.393620,19.500000
42,Yellow,2,-73.941635,7.576719,10.500000
42,Yellow,3,-72.063637,5.698719,10.500000
42,Yellow,4,-74.411133,5.698719,13.500000
42,Yellow,5,-74.880638,7.107219,13.500000
42,Yellow,6,-72.533134,9.924219,13.500000
42,Yellow,7,-73.941635,9.454720,16.500000
42,Yellow,8,-73.002632,11.332619,25.500000
43,Yellow,0,8.544365,68.907417,19.500000
43,Yellow,1,7.159365,65.213921,19.500000
43,Yellow,2,12.237864,63.828819,19.500000
43,Yellow,3,10.852865,61.058620,13.500000
43,Yellow,4,10.391165,62.905418,13.500000
43,Yellow,5,9.467765,64.290520,13.500000
43,Yellow,6,9.929465,67.060616,16.500000
43,Yellow,7,13.161264,67.522316,16.500000
44,Yellow,0,-32.922337,124.600220,22.500000
44,Yellow,1,-33.376534,121.421219,22.500000
44,Yellow,2,-30.651634,117.333916,13.500000
44,Yellow,3,-29.289236,113.246620,13.500000
44,Yellow,4,-29.743336,114.609016,13.500000
44,Yellow,5,-31.559935,118.696320,16.500000
44,Yellow,6,-31.105835,121.875320,16.500000
45,Yellow,0,104.824165,-179.334381,-217.500000
45,Yellow,1,110.359268,-179.334381,-217.500000
45,Yellow,2,110.359268,-176.566879,-214.500000
45,Yellow,3,109.805763,-173.245773,-202.500000
45,Yellow,4,106.484764,-178.780884,-214.500000
46,Yellow,0,28.824366,146.776123,22.500000
46,Yellow,1,27.037066,145.882523,22.500000
46,Yellow,2,29.271265,140.073517,19.500000
46,Yellow,3,31.058565,136.945618,16.500000
46,Yellow,4,30.611765,137.839325,16.500000
46,Yellow,5,28.377565,140.967224,16.500000
46,Yellow,6,31.505465,143.201416,16.500000
46,Yellow,7,32.845966,143.201416,16.500000
47,Yellow,0,-78.935638,-65.707481,28.500000
47,Yellow,1,-79.375336,-65.707481,28.500000
47,Yellow,2,-75.417435,-69.665382,22.500000
47,Yellow,3,-73.218636,-72.303978,22.500000
47,Yellow,4,-74.537933,-70.544884,25.500000
47,Yellow,5,-74.977638,-69.225578,25.500000
47,Yellow,6,-74.977638,-67.466484,28.500000
48,Yellow,0,83.790764,147.236923,28.500000
48,Yellow,1,80.469765,145.022919,28.500000
48,Yellow,2,82.130264,141.148315,25.500000
48,Yellow,3,84.344368,139.487823,22.500000
48,Yellow,4,83.790764,139.487823,22.500000
48,Yellow,5,82.130264,142.255325,22.500000
48,Yellow,6,83.237267,145.022919,22.500000
48,Yellow,7,81.023262,145.022919,16.500000
49,Yellow,0,-80.069633,130.961624,1.500000
49,Yellow,1,-78.983932,129.875824,1.500000
49,Yellow,2,-76.269638,119.018517,-7.500000
49,Yellow,3,-75.183838,117.932816,-7.500000
49,Yellow,4,-74.098137,120.647118,-4.500000
49,Yellow,5,-75.183838,121.732819,-4.500000
49,Yellow,6,-74.641037,124.447220,-1.500000
49,Yellow,7,-70.840935,122.275719,-1.500000
49,Yellow,8,-71.383835,125.532921,7.500000
50,Yellow,0,186.099258,148.213013,-31.500000
50,Yellow,1,185.566864,148.213013,-31.500000
50,Yellow,2,186.631760,145.550720,-31.500000
50,Yellow,3,183.969467,145.550720,-34.500000
50,Yellow,4,185.034363,145.550720,-34.500000
51,Yellow,0,151.775665,166.383118,25.500000
51,Yellow,1,149.685867,165.338226,25.500000
51,Yellow,2,150.208359,163.770813,22.500000
51,Yellow,3,153.343063,161.681015,10.500000
52,Yellow,0,161.282272,169.523926,4.500000
52,Yellow,1,159.231064,169.011124,4.500000
52,Yellow,2,157.179871,164.395721,4.500000
52,Yellow,3,157.179871,163.882919,4.500000
52,Yellow,4,158.205460,165.934219,4.500000
52,Yellow,5,157.179871,166.447021,1.500000
52,Yellow,6,158.205460,169.011124,-4.500000
52,Yellow,7,160.256668,169.523926,-4.500000
52,Yellow,8,161.795059,173.113525,1.500000
52,Yellow,9,159.231064,174.139114,1.500000
53,Yellow,0,143.254364,183.124725,19.500000
53,Yellow,1,140.736771,181.614120,19.500000
53,Yellow,2,143.757858,177.586014,16.500000
53,Yellow,3,143.254364,176.578918,10.500000
53,Yellow,4,142.750763,177.082520,10.500000
53,Yellow,5,140.233261,179.096512,10.500000
53,Yellow,6,145.771957,180.607117,1.500000
54,Yellow,0,-22.004736,-61.423283,-52.500000
54,Yellow,1,-19.037334,-63.401482,-52.500000
54,Yellow,2,-19.037334,-65.379684,-52.500000
54,Yellow,3,-17.059135,-62.906879,-52.500000
54,Yellow,4,-16.070036,-65.379684,-52.500000
54,Yellow,5,-16.564535,-64.885178,-52.500000
54,Yellow,6,-15.575435,-63.401482,-52.500000
54,Yellow,7,-15.080935,-61.423283,-52.500000
54,Yellow,8,-14.091835,-60.434082,-52.500000
54,Yellow,9,-19.037334,-59.444981,-52.500000
55,Yellow,0,-65.837639,-123.462982,-88.500000
55,Yellow,1,-62.922234,-122.005180,-88.500000
55,Yellow,2,-63.408134,-123.462982,-85.500000
55,Yellow,3,-62.436337,-122.977081,-79.500000
55,Yellow,4,-62.922234,-125.406578,-79.500000
55,Yellow,5,-63.894035,-124.920677,-85.500000
55,Yellow,6,-61.950436,-123.948883,-85.500000
56,Yellow,0,140.769867,172.087921,-247.500000
56,Yellow,1,143.846664,172.600723,-247.500000
56,Yellow,2,143.846664,170.549515,-241.500000
56,Yellow,3,139.744263,172.087921,-232.500000
56,Yellow,4,137.692963,167.985413,-244.500000
56,Yellow,5,141.795471,168.498215,-244.500000
56,Yellow,6,143.333862,167.985413,-244.500000
56,Yellow,7,142.821060,167.985413,-244.500000
56,Yellow,8,143.846664,168.498215,-244.500000
56,Yellow,9,143.333862,164.908524,-241.500000
57,Yellow,4,-146.368729,-48.698582,4.500000
57,Yellow,5,-146.846329,-49.176182,4.500000
57,Yellow,6,-145.891129,-45.355682,16.500000
57,Yellow,7,-143.980942,-44.878082,16.500000
57,Yellow,8,-143.025833,-43.445480,22.500000
57,Yellow,9,-148.756531,-41.057682,22.500000
58,Yellow,0,-145.773743,179.410217,4.500000
58,Yellow,1,-147.651642,175.184814,4.500000
58,Yellow,2,-139.670334,164.856018,4.500000
58,Yellow,3,-139.670334,166.264526,4.500000
58,Yellow,4,-140.609329,167.673019,4.500000
58,Yellow,5,-143.895737,168.142426,4.500000
58,Yellow,6,-142.487228,170.020416,7.500000
58,Yellow,7,-136.853333,171.428925,10.500000
58,Yellow,8,-138.731339,172.367920,13.500000
58,Yellow,9,-142.956741,171.428925,13.500000
59,Yellow,5,-184.903732,-148.548584,-58.500000
59,Yellow,6,-181.671936,-150.395386,-58.500000
59,Yellow,7,-183.980331,-148.548584,-49.500000
59,Yellow,8,-188.135529,-146.240173,-40.500000
59,Yellow,9,-191.829132,-145.316788,-37.500000
60,Yellow,7,5.745765,52.033020,-58.500000
60,Yellow,8,5.192265,50.372520,-58.500000
60,Yellow,9,-0.342835,52.033020,-55.500000
61,Yellow,7,206.020859,103.275421,-70.500000
61,Yellow,8,204.392258,107.618317,-52.500000
61,Yellow,9,204.392258,106.532616,-58.500000
62,Yellow,7,-190.352829,-114.824181,-10.500000
62,Yellow,8,-194.080032,-111.096977,-1.500000
62,Yellow,9,-194.612534,-110.564484,-1.500000
63,Yellow,7,74.452667,-12.295781,1.500000
63,Yellow,8,75.497566,-10.728481,4.500000
63,Yellow,9,70.795464,-7.071281,7.500000
64,Yellow,7,178.205063,5.424219,28.500000
64,Yellow,8,180.256363,8.501119,34.500000
64,Yellow,9,176.153870,12.090819,37.500000
65,Yellow,6,170.444366,-134.595978,22.500000
65,Yellow,7,169.437363,-132.581879,22.500000
65,Yellow,8,172.961960,-130.064285,22.500000
65,Yellow,9,168.430267,-127.043182,25.500000
66,Yellow,7,68.993965,-112.857285,19.500000
66,Yellow,8,70.477562,-107.911682,22.500000
66,Yellow,9,66.521164,-106.427979,22.500000
67,Yellow,0,175.983063,97.022919,-223.500000
67,Yellow,1,179.004166,98.029922,-226.500000
67,Yellow,2,182.025360,97.526421,-226.500000
67,Yellow,3,180.514771,100.547516,-217.500000
68,Yellow,8,176.145462,174.399826,-1.500000
68,Yellow,9,174.687668,171.970215,-1.500000
69,Yellow,7,174.550964,97.912018,4.500000
69,Yellow,8,176.461166,99.344719,10.500000
69,Yellow,9,175.506058,97.912018,10.500000
70,Yellow,8,-132.627930,131.991714,-31.500000
70,Yellow,9,-140.139832,131.052719,-31.500000
71,Yellow,9,-117.687134,-40.956680,-52.500000
72,Yellow,9,-74.098137,-42.212780,40.500000
73,Yellow,9,162.138367,-204.278183,34.500000
74,Green,0,208.870422,93.271698,-110.840088
74,Green,1,211.213028,94.075653,-109.799202
74,Green,2,210.091858,93.191055,-107.959816
74,Green,3,208.252243,93.469604,-105.822479
74,Green,4,206.483810,90.650208,-110.385696
74,Green,5,207.586517,90.815895,-114.416367
74,Green,6,208.192703,92.165077,-121.849838
74,Green,7,209.335052,92.444603,-121.777435
74,Green,8,207.062973,93.812744,-116.649994
74,Green,9,208.215714,93.207619,-114.460175
75,Green,0,-49.787476,-2.000778,-9.175467
75,Green,1,-49.374985,-2.296036,-8.259609
75,Green,2,-44.906082,-5.768234,-11.125328
75,Green,3,-44.305328,-8.664063,-10.030735
75,Green,4,-44.218491,-8.533417,-10.250084
76,Green,0,-102.062614,-58.934433,34.847012
76,Green,1,-101.492188,-59.867569,32.458340
76,Green,2,-97.065323,-63.690048,30.529778
76,Green,3,-95.760590,-65.683945,31.054974
76,Green,4,-95.716202,-65.545547,30.718346
76,Green,5,-98.662445,-62.965500,30.623569
77,Green,0,-211.126495,-124.677338,17.300627
77,Green,1,-210.239716,-126.595978,15.670975
77,Green,2,-207.883392,-127.458755,11.783764
77,Green,3,-203.889130,-129.421326,13.217113
77,Green,4,-205.576691,-130.128143,13.385622
77,Green,5,-207.988831,-130.772293,13.225990
78,Yellow,0,-179.274139,10.287620,-199.500000
78,Yellow,1,-173.833939,7.814819,-199.500000
78,Yellow,2,-169.877533,3.363819,-199.500000
78,Yellow,3,-167.899231,2.869319,-190.500000
78,Yellow,4,-168.888428,0.396519,-196.500000
78,Yellow,5,-169.382935,0.396519,-196.500000
78,Yellow,6,-169.382935,2.374719,-187.500000
79,Green,0,-151.435028,-5.918217,24.721781
79,Green,1,-151.541183,-9.427353,22.262968
79,Green,2,-145.880508,-12.124573,20.537422
79,Green,3,-144.122009,-15.006191,20.810772
79,Green,4,-145.286774,-14.105953,21.609894
79,Green,5,-146.833725,-13.211823,22.225216
80,Green,0,-166.745087,30.625118,33.191120
80,Green,1,-167.863083,27.394623,31.685425
80,Green,2,-161.344437,21.850815,26.029472
80,Green,3,-160.947968,19.871719,26.390633
80,Green,4,-160.913300,21.778999,28.850826
80,Green,5,-162.019943,23.074196,30.724102
81,Green,0,-99.423767,-181.121277,-95.105255
81,Green,1,-97.399750,-180.312805,-92.702263
81,Green,2,-94.694977,-180.907288,-91.244339
81,Green,3,-94.574478,-181.896790,-86.776207
81,Green,4,-94.143723,-183.098206,-86.484612
81,Green,5,-94.205322,-183.527618,-87.787186
82,Green,0,-203.322723,-168.516312,-78.496147
82,Green,1,-202.428329,-169.387238,-80.724594
83,Green,0,-28.304657,-132.704620,26.525967
83,Green,1,-27.893524,-132.738861,26.459553
83,Green,2,-24.802673,-134.719437,28.386871
84,Green,0,-19.748657,-136.268555,45.662258
84,Green,1,-19.466553,-135.673096,46.500805
84,Green,2,-17.502747,-136.212128,47.103626
84,Green,3,-15.837860,-138.814041,47.717438
84,Green,4,-14.869019,-138.562302,47.426300
84,Green,5,-16.638916,-137.218414,47.865223
85,Green,0,25.922760,-164.999268,32.715553
85,Green,1,27.946838,-162.497467,35.770592
85,Green,2,29.604004,-162.829285,35.036209
86,Green,0,11.609024,-208.324341,14.843155
86,Green,1,10.856125,-205.923309,16.612465
86,Green,2,11.790924,-208.050049,18.416527
86,Green,3,13.983582,-207.878876,19.041672
86,Green,4,13.324341,-207.946075,18.994720
86,Green,5,11.642670,-205.783142,20.182808
87,Green,0,-19.583420,-41.225739,31.319206
87,Green,1,-18.289673,-41.640381,33.163765
87,Green,2,-16.513702,-44.426941,31.320915
87,Green,3,-16.165924,-47.867645,29.130508
87,Green,4,-14.898438,-45.165474,30.817986
87,Green,5,-16.317169,-44.401215,30.639114
87,Green,6,-14.837982,-43.838585,31.036224
87,Green,7,-12.975143,-43.039063,31.471481
88,Green,0,-14.479897,-80.457626,46.120514
88,Green,1,-14.206673,-80.384689,45.602989
88,Green,2,-11.399170,-83.168793,43.904858
88,Green,3,-9.921791,-85.127441,44.794666
88,Green,4,-10.864380,-84.273987,43.276329
88,Green,5,-11.401100,-82.416245,43.453011
89,Yellow,0,-9.958035,187.033417,-199.500000
89,Yellow,1,-8.986236,188.005219,-202.500000
89,Yellow,2,-5.584835,182.660217,-196.500000
89,Yellow,3,-5.584835,182.660217,-187.500000
89,Yellow,4,-7.528535,179.258926,-193.500000
89,Yellow,5,-7.528535,180.716614,-193.500000
89,Yellow,6,-7.042535,180.230713,-190.500000
89,Yellow,7,-5.584835,180.230713,-190.500000
90,Green,0,10.523788,-81.556381,43.248444
90,Green,1,10.653923,-80.674530,44.324135
90,Green,2,11.897583,-83.356232,42.864014
90,Green,3,14.157089,-84.869141,44.691261
90,Green,4,14.077438,-83.394669,40.854759
90,Green,5,13.225807,-83.365234,41.844666
91,Green,0,43.229965,-85.487885,58.363350
91,Green,1,44.217117,-84.848785,59.222359
91,Green,2,45.422424,-86.323776,58.645119
91,Green,3,45.039825,-89.358047,55.930496
91,Green,4,46.567444,-87.041412,58.156525
92,Green,0,81.334717,-37.337311,53.980446
92,Green,1,82.153717,-36.677078,56.874367
92,Green,2,82.391891,-40.060059,57.174332
92,Green,3,83.534439,-41.097656,57.482613
92,Green,4,83.676285,-40.491577,55.747437
92,Green,5,81.840637,-38.237244,53.929848
92,Green,6,81.747452,-38.040039,53.802582
92,Green,7,83.599167,-36.870682,51.298660
93,Green,0,122.803680,-209.023438,48.761841
93,Green,1,124.481506,-206.467163,53.141251
93,Green,2,124.141289,-207.045792,52.672424
93,Green,3,124.390533,-207.180923,51.889694
93,Green,4,123.989929,-206.728149,52.130615
93,Green,5,122.965454,-206.444031,53.278656
94,Green,4,130.704178,-217.349915,42.850250
94,Green,5,127.573586,-213.344452,42.951828
94,Green,6,128.274948,-213.539276,40.155075
94,Green,7,125.837929,-211.412872,36.427109
94,Green,8,127.955963,-207.492905,39.402344
94,Green,9,125.784996,-203.146057,39.978958
95,Green,9,104.822098,-212.578522,-8.919617
96,Green,9,92.969543,-86.977913,47.819611
97,Green,0,206.005341,-68.355164,22.061977
97,Green,1,208.053223,-67.064934,24.621307
97,Green,2,204.980804,-67.438583,24.240829
97,Green,3,205.565079,-67.605698,22.439228
97,Green,4,205.383621,-68.123993,21.107998
97,Green,5,204.995163,-66.540031,19.784691
97,Green,6,206.531219,-65.959244,16.371941
97,Green,7,207.145844,-62.342773,11.889965
97,Green,8,207.092407,-59.934792,21.402695
97,Green,9,206.175705,-57.472717,18.162170
98,Green,0,-95.606659,211.799805,-46.609940
98,Green,1,-97.127396,208.524261,-49.114754
98,Green,2,-92.514099,202.011597,-52.117874
98,Green,3,-92.826691,198.610260,-51.539749
98,Green,4,-91.211670,199.450165,-51.320221
98,Green,5,-92.382965,201.715759,-51.876053
99,Green,0,44.712067,120.112061,26.580486
99,Green,1,42.059723,118.801331,27.750656
99,Green,2,44.521210,113.685669,28.026867
99,Green,3,44.516266,112.341003,26.572014
99,Green,4,45.806778,111.753403,25.066410
99,Green,5,44.617920,114.545761,22.337639
100,Yellow,0,-92.882133,-137.046982,-208.500000
100,Yellow,1,-86.673836,-139.434784,-214.500000
100,Yellow,2,-84.286034,-139.434784,-208.500000
100,Yellow,3,-85.241135,-136.569489,-196.500000
101,Green,0,168.618637,-104.160675,45.245007
101,Green,1,169.261688,-104.410950,45.625153
101,Green,2,168.544205,-103.354492,45.420258
101,Green,3,168.879791,-103.948120,44.009048
101,Green,4,168.869629,-103.334442,42.912380
101,Green,5,168.517792,-102.651184,42.686584
101,Green,6,169.269104,-101.447479,40.297447
101,Green,7,169.164780,-97.819397,39.444466
102,Green,0,136.940079,-118.586121,34.481529
102,Green,1,138.220871,-117.940155,35.146904
102,Green,2,136.999634,-118.113708,33.875298
102,Green,3,136.987289,-118.658539,32.703369
102,Green,4,137.925629,-118.355591,32.114014
102,Green,5,135.689545,-116.516022,34.198235
102,Green,6,137.080811,-116.974030,31.317749
103,Green,0,124.546722,-127.005615,41.855713
103,Green,1,125.333145,-125.408447,45.121330
103,Green,2,125.131424,-125.602875,46.657639
103,Green,3,125.389259,-124.955688,44.869392
103,Green,4,125.474022,-125.593781,44.248749
103,Green,5,124.288467,-124.138885,43.951286
103,Green,6,124.660912,-122.556396,40.343933
104,Green,0,130.548904,-43.147308,8.042564
104,Green,1,129.785080,-43.864471,8.226112
104,Green,2,130.713638,-45.417755,7.398262
104,Green,3,130.964523,-45.559082,5.550034
104,Green,4,131.007843,-45.813568,4.242683
104,Green,5,130.047913,-45.027527,3.168610
104,Green,6,131.241440,-44.011597,2.644989
105,Green,0,109.663834,17.208008,33.203232
105,Green,1,109.155190,15.643677,34.216034
105,Green,2,109.552048,12.848999,32.863480
105,Green,3,110.802094,11.988739,27.593567
105,Green,4,111.832336,12.493286,27.167206
106,Green,0,123.666168,22.618561,42.760025
106,Green,1,123.037254,23.640503,42.583542
106,Green,2,123.289055,19.881714,38.001114
106,Green,3,124.463791,19.601563,36.609665
106,Green,4,124.288284,18.645447,33.643951
106,Green,5,123.475769,20.836853,34.290970
106,Green,6,124.442307,21.847076,33.373154
106,Green,7,126.680801,23.662323,29.221130
106,Green,8,128.283600,27.598541,36.934464
107,Green,0,196.712585,-210.724594,44.496605
107,Green,1,200.220047,-208.947266,44.651665
107,Green,2,199.088135,-207.189316,44.277199
108,Green,0,190.056427,89.355835,36.171074
108,Green,1,188.950439,89.668640,39.836372
108,Green,2,187.752289,87.491577,37.328987
108,Green,3,188.308578,86.743896,33.892788
108,Green,4,189.133530,88.154907,31.974424
108,Green,5,187.220764,89.218201,30.999502
108,Green,6,191.119873,93.627625,31.553062
108,Green,7,192.787140,93.164825,28.272926
108,Green,8,195.218292,95.794357,31.590714
108,Green,9,190.844177,97.565140,33.541496
109,Green,0,207.944290,77.025711,40.323589
109,Green,1,206.041748,77.021866,42.127850
109,Green,2,204.851471,74.283401,41.987942
109,Green,3,205.463455,74.408386,38.172382
109,Green,4,206.063339,75.066727,36.059624
109,Green,5,205.195221,76.634933,33.867569
109,Green,6,207.316025,79.253326,29.077557
109,Green,7,209.782761,80.321930,25.751591
110,Green,0,201.908356,183.995987,33.320480
110,Green,1,198.752914,184.101883,32.387833
110,Green,2,199.334610,181.828995,30.927887
110,Green,3,195.988907,181.078644,32.726913
110,Green,4,198.787460,180.843521,30.457062
110,Green,5,198.640030,183.034821,25.745544
110,Green,6,199.607635,184.947235,20.179428
111,Yellow,0,-196.209930,119.992416,-244.500000
111,Yellow,1,-193.015137,119.992416,-253.500000
111,Yellow,2,-185.560638,113.070419,-253.500000
111,Yellow,3,-184.495728,112.005516,-235.500000
111,Yellow,4,-186.093033,110.940521,-244.500000
111,Yellow,5,-187.158035,112.005516,-241.500000
111,Yellow,6,-185.560638,112.005516,-235.500000
111,Yellow,7,-186.093033,110.408119,-232.500000
111,Yellow,8,-187.690430,111.473022,-229.500000
111,Yellow,9,-188.755432,111.473022,-232.500000
112,Yellow,0,93.666466,-80.217979,-181.500000
112,Yellow,1,97.891869,-81.626480,-181.500000
112,Yellow,2,99.300362,-80.687477,-178.500000
113,Green,0,-182.818466,-48.250221,37.357239
113,Green,1,-186.167999,-50.249630,35.261139
113,Green,2,-180.283600,-54.253937,31.022705
113,Green,3,-177.440002,-56.519638,30.586226
114,Green,7,-202.648712,-91.547379,39.356842
114,Green,8,-203.908417,-89.541565,44.977921
114,Green,9,-210.008545,-85.475288,48.658562
115,Green,6,-19.713768,207.641464,-269.105316
115,Green,7,-21.029564,208.925598,-269.897156
115,Green,8,-22.816986,211.956268,-271.148468
115,Green,9,-25.227348,211.580719,-268.257446
116,Yellow,0,166.904068,23.200119,-184.500000
116,Yellow,1,169.212463,23.661819,-184.500000
116,Yellow,2,170.597565,23.661819,-181.500000
116,Yellow,3,169.212463,25.046820,-178.500000
116,Yellow,4,166.904068,19.506519,-187.500000
116,Yellow,5,167.365768,22.738419,-187.500000
116,Yellow,6,167.365768,23.200119,-190.500000
116,Yellow,7,168.750870,21.353319,-193.500000
116,Yellow,8,167.827469,22.276720,-193.500000
116,Yellow,9,169.212463,21.353319,-190.500000
117,Yellow,4,-60.675533,-136.160583,-241.500000
117,Yellow,5,-60.675533,-135.607086,-241.500000
117,Yellow,6,-61.229034,-136.160583,-229.500000
117,Yellow,7,-61.229034,-134.500076,-226.500000
117,Yellow,8,-61.229034,-134.500076,-226.500000
117,Yellow,9,-61.229034,-133.392975,-229.500000
118,Yellow,4,-99.524239,-70.288078,-241.500000
118,Yellow,5,-100.569138,-69.765579,-241.500000
118,Yellow,6,-99.001732,-70.810577,-232.500000
118,Yellow,7,-100.569138,-71.332977,-232.500000
118,Yellow,8,-100.569138,-71.332977,-232.500000
118,Yellow,9,-102.136436,-68.720680,-232.500000
119,Yellow,4,55.643166,-187.392883,-211.500000
119,Yellow,5,56.155964,-187.905685,-211.500000
119,Yellow,6,56.155964,-188.418488,-211.500000
119,Yellow,7,56.668766,-186.367279,-211.500000
119,Yellow,8,56.668766,-186.880081,-211.500000
119,Yellow,9,57.181564,-184.315979,-211.500000
120,Yellow,6,30.466064,142.339615,-256.500000
120,Yellow,7,32.480064,143.850220,-256.500000
120,Yellow,8,29.458965,142.843124,-256.500000
120,Yellow,9,29.458965,140.829117,-256.500000
121,Yellow,7,-169.382935,66.172722,-244.500000
121,Yellow,8,-170.866638,66.667221,-241.500000
121,Yellow,9,-172.844833,64.689018,-241.500000
122,Yellow,7,-62.922234,8.218619,-238.500000
122,Yellow,8,-61.950436,9.190419,-238.500000
122,Yellow,9,-63.408134,9.190419,-238.500000
123,Yellow,7,198.428864,145.190414,-238.500000
123,Yellow,8,198.428864,146.145523,-235.500000
123,Yellow,9,198.428864,142.325012,-232.500000
124,Yellow,7,-20.889235,-67.541779,-238.500000
124,Yellow,8,-19.950235,-65.194283,-235.500000
124,Yellow,9,-20.889235,-65.194283,-235.500000
125,Yellow,0,-37.874737,-56.181881,-253.500000
125,Yellow,1,-31.605335,-56.181881,-253.500000
125,Yellow,2,-30.560434,-58.271683,-253.500000
125,Yellow,3,-28.993034,-56.704281,-235.500000
125,Yellow,4,-30.037935,-61.406380,-244.500000
125,Yellow,5,-30.037935,-60.883980,-244.500000
125,Yellow,6,-31.082834,-61.406380,-241.500000
125,Yellow,7,-31.082834,-61.406380,-241.500000
126,Yellow,7,-79.638435,85.989922,-223.500000
126,Yellow,8,-81.485138,87.836716,-223.500000
126,Yellow,9,-84.255333,87.375023,-220.500000
127,Yellow,8,96.521568,177.126526,-247.500000
127,Yellow,9,97.075066,174.912415,-247.500000
128,Yellow,8,132.191071,-48.184280,-235.500000
128,Yellow,9,131.946259,-46.491882,-235.500000
129,Yellow,8,-209.271835,-48.184280,-229.500000
129,Yellow,9,-212.529037,-49.270081,-229.500000
130,Yellow,9,87.593468,3.915219,-226.500000
131,Yellow,9,189.392258,-131.415085,-226.500000
132,Yellow,0,-17.176035,-4.319181,-166.500000
132,Yellow,1,-14.099236,-4.831981,-166.500000
132,Yellow,2,-13.073535,-9.447281,-166.500000
132,Yellow,3,-12.047935,-9.447281,-160.500000
132,Yellow,4,-12.047935,-10.985781,-160.500000
132,Yellow,5,-13.073535,-12.011381,-160.500000
133,Yellow,0,-110.519333,-80.719383,-172.500000
133,Yellow,1,-106.491234,-81.726379,-172.500000
133,Yellow,2,-104.980637,-83.740479,-169.500000
133,Yellow,3,-103.470139,-82.733482,-163.500000
133,Yellow,4,-105.987732,-87.265182,-166.500000
133,Yellow,5,-104.477135,-86.761581,-169.500000
133,Yellow,6,-103.973633,-86.258080,-163.500000
133,Yellow,7,-102.966537,-85.754578,-163.500000
133,Yellow,8,-105.484138,-86.258080,-160.500000
133,Yellow,9,-108.505333,-84.747581,-166.500000
134,Yellow,0,64.048363,169.040726,-154.500000
134,Yellow,1,65.037468,169.040726,-154.500000
134,Yellow,2,68.499367,166.073318,-151.500000
134,Yellow,3,67.015663,167.062515,-151.500000
134,Yellow,4,65.532066,163.106018,-151.500000
134,Yellow,5,65.037468,163.106018,-154.500000
135,Yellow,0,33.773865,135.527023,-142.500000
135,Yellow,1,34.745667,136.498825,-142.500000
135,Yellow,2,38.632965,132.125626,-142.500000
135,Yellow,3,37.175163,130.667923,-139.500000
135,Yellow,4,37.175163,129.210114,-145.500000
135,Yellow,5,35.717464,129.210114,-145.500000
135,Yellow,6,38.147064,130.667923,-145.500000
136,Yellow,0,-105.509834,83.029716,-235.500000
136,Yellow,1,-104.402832,82.476219,-247.500000
136,Yellow,2,-97.760735,78.048119,-241.500000
136,Yellow,3,-94.993134,79.708618,-229.500000
136,Yellow,4,-97.207237,73.066521,-241.500000
136,Yellow,5,-97.760735,75.280518,-238.500000
136,Yellow,6,-96.653732,74.727020,-235.500000
136,Yellow,7,-96.100235,73.066521,-229.500000
136,Yellow,8,-98.867737,75.280518,-232.500000
136,Yellow,9,-102.742332,74.727020,-226.500000
137,Yellow,0,-54.199837,-120.332481,-133.500000
137,Yellow,1,-48.469135,-120.332481,-133.500000
137,Yellow,2,-46.558933,-122.720284,-133.500000
137,Yellow,3,-47.514034,-120.809982,-124.500000
137,Yellow,4,-47.991535,-125.108078,-127.500000
137,Yellow,5,-48.469135,-125.585579,-130.500000
137,Yellow,6,-47.514034,-123.197784,-130.500000
138,Yellow,0,-144.834732,-158.622879,-157.500000
138,Yellow,1,-140.139832,-156.744980,-160.500000
138,Yellow,2,-139.200836,-156.275482,-157.500000
138,Yellow,3,-136.853333,-154.866974,-151.500000
138,Yellow,4,-137.322830,-160.500885,-154.500000
138,Yellow,5,-138.261841,-161.909378,-154.500000
138,Yellow,6,-137.322830,-161.439880,-151.500000
138,Yellow,7,-136.383835,-160.500885,-148.500000
139,Yellow,0,-201.986237,-65.444382,-133.500000
139,Yellow,1,-197.369339,-66.367783,-133.500000
139,Yellow,2,-195.060928,-69.137878,-133.500000
139,Yellow,3,-194.137543,-69.599579,-127.500000
139,Yellow,4,-192.290741,-73.754784,-127.500000
139,Yellow,5,-193.675842,-73.293182,-127.500000
139,Yellow,6,-191.367432,-72.831482,-118.500000
139,Yellow,7,-191.367432,-71.908081,-118.500000
139,Yellow,8,-193.214142,-71.908081,-115.500000
139,Yellow,9,-196.907639,-70.984680,-121.500000
140,Yellow,0,56.998264,-41.616680,-118.500000
140,Yellow,1,61.085564,-42.979080,-118.500000
140,Yellow,2,63.356266,-43.887383,-115.500000
140,Yellow,3,62.902164,-41.616680,-109.500000
140,Yellow,4,59.723064,-45.249783,-109.500000
140,Yellow,5,60.177265,-44.341579,-112.500000
140,Yellow,6,60.631367,-44.341579,-115.500000
140,Yellow,7,62.447964,-42.979080,-115.500000
141,Yellow,0,14.525465,-172.268784,-124.500000
141,Yellow,1,18.547066,-171.821976,-121.500000
141,Yellow,2,18.100164,-170.928284,-121.500000
141,Yellow,3,19.887566,-169.140884,-115.500000
142,Yellow,0,140.248871,181.001114,-109.500000
142,Yellow,1,141.909470,181.554626,-106.500000
142,Yellow,2,143.016464,178.787018,-106.500000
142,Yellow,3,140.248871,178.787018,-103.500000
142,Yellow,4,139.141861,176.573013,-109.500000
142,Yellow,5,139.695358,178.233521,-109.500000
142,Yellow,6,141.355865,178.787018,-115.500000
142,Yellow,7,141.355865,178.787018,-112.500000
142,Yellow,8,142.462967,178.787018,-109.500000
143,Yellow,0,-133.813431,-94.327980,-118.500000
143,Yellow,1,-133.270538,-93.785080,-115.500000
143,Yellow,2,-130.556229,-96.499382,-115.500000
143,Yellow,3,-127.841934,-96.499382,-109.500000
144,Yellow,0,-121.664932,65.681122,-112.500000
144,Yellow,1,-118.470139,65.148621,-112.500000
144,Yellow,2,-115.807838,61.421417,-112.500000
145,Yellow,0,-81.238335,136.603317,-115.500000
145,Yellow,1,-79.148537,136.080826,-118.500000
145,Yellow,2,-76.536232,129.288925,-118.500000
145,Yellow,3,-77.058739,128.766525,-112.500000
145,Yellow,4,-77.058739,127.721619,-115.500000
145,Yellow,5,-77.581139,127.721619,-112.500000
146,Yellow,0,52.566265,-114.060883,-97.500000
146,Yellow,1,57.181564,-114.573685,-94.500000
146,Yellow,2,57.694366,-114.060883,-91.500000
146,Yellow,3,56.668766,-110.983978,-82.500000
146,Yellow,4,55.643166,-114.060883,-88.500000
146,Yellow,5,56.668766,-115.599281,-88.500000
146,Yellow,6,56.155964,-114.060883,-88.500000
146,Yellow,7,58.719963,-113.035179,-91.500000
146,Yellow,8,56.668766,-111.496780,-88.500000
146,Yellow,9,55.643166,-109.958382,-91.500000
147,Yellow,0,187.563370,113.047020,4.500000
147,Yellow,1,185.934860,113.047020,4.500000
147,Yellow,2,188.649170,109.789818,-1.500000
147,Yellow,3,188.649170,109.246918,-7.500000
147,Yellow,4,186.477661,109.246918,-7.500000
147,Yellow,5,184.849060,111.961220,-7.500000
148,Yellow,0,-147.779831,-6.198581,-97.500000
148,Yellow,1,-145.765732,-7.205581,-97.500000
148,Yellow,2,-141.234039,-10.730181,-97.500000
148,Yellow,3,-139.723434,-10.226681,-91.500000
148,Yellow,4,-140.227036,-12.240781,-91.500000
149,Yellow,0,100.151062,-130.661285,-85.500000
149,Yellow,1,105.591164,-130.166779,-85.500000
149,Yellow,2,103.612968,-128.683075,-79.500000
149,Yellow,3,103.118462,-125.221184,-73.500000
149,Yellow,4,101.634766,-127.199379,-73.500000
149,Yellow,5,101.634766,-129.177673,-79.500000
149,Yellow,6,101.634766,-127.693977,-79.500000
150,Yellow,0,151.849960,-41.344181,-85.500000
150,Yellow,1,155.251266,-40.372379,-85.500000
150,Yellow,2,156.223160,-41.344181,-85.500000
150,Yellow,3,156.709061,-38.914581,-79.500000
150,Yellow,4,154.279465,-41.344181,-79.500000
150,Yellow,5,153.793564,-40.372379,-82.500000
150,Yellow,6,154.279465,-38.914581,-85.500000
150,Yellow,7,152.335861,-37.942780,-85.500000
151,Yellow,0,84.292267,91.703720,-79.500000
151,Yellow,1,87.157661,91.226219,-82.500000
151,Yellow,2,89.067863,89.316017,-82.500000
151,Yellow,3,88.590263,87.405716,-82.500000
151,Yellow,4,87.635162,85.973022,-85.500000
151,Yellow,5,89.067863,87.405716,-85.500000
151,Yellow,6,90.022964,89.793518,-85.500000
151,Yellow,7,89.545464,87.883316,-85.500000
151,Yellow,8,90.500565,91.226219,-88.500000
151,Yellow,9,86.680061,90.748619,-85.500000
152,Yellow,0,13.494965,57.568218,-79.500000
152,Yellow,1,13.494965,57.568218,-79.500000
152,Yellow,2,15.708965,51.479519,-82.500000
152,Yellow,3,15.155465,52.586620,-76.500000
152,Yellow,4,16.262465,48.712021,-82.500000
152,Yellow,5,14.048465,51.479519,-82.500000
152,Yellow,6,16.815966,52.033020,-79.500000
152,Yellow,7,17.923065,52.586620,-82.500000
152,Yellow,8,17.369465,54.247120,-79.500000
152,Yellow,9,14.048465,55.907619,-76.500000
153,Yellow,0,68.675667,66.903320,-82.500000
153,Yellow,1,71.390068,66.903320,-82.500000
153,Yellow,2,72.475761,62.560421,-85.500000
153,Yellow,3,71.932861,63.646118,-85.500000
153,Yellow,4,73.018661,59.846119,-85.500000
153,Yellow,5,69.761467,61.474720,-85.500000
153,Yellow,6,73.018661,62.560421,-88.500000
153,Yellow,7,74.104362,64.731918,-85.500000
153,Yellow,8,74.104362,66.903320,-85.500000
153,Yellow,9,69.218567,65.817619,-85.500000
154,Yellow,0,-152.015335,35.863121,-76.500000
154,Yellow,1,-150.418030,33.200821,-76.500000
154,Yellow,2,-144.560837,30.538420,-76.500000
155,Yellow,0,-13.340136,96.519417,-79.500000
155,Yellow,1,-12.333136,97.022919,-79.500000
155,Yellow,2,-9.815536,92.491219,-82.500000
155,Yellow,3,-9.312036,90.980721,-79.500000
155,Yellow,4,-10.822536,90.477119,-79.500000
155,Yellow,5,-10.822536,90.477119,-79.500000
155,Yellow,6,-9.815536,94.001816,-79.500000
156,Yellow,0,-202.927734,136.720215,-97.500000
156,Yellow,1,-202.374237,132.845612,-97.500000
156,Yellow,2,-197.946136,127.310516,-106.500000
156,Yellow,3,-197.392639,122.328918,-103.500000
156,Yellow,4,-197.946136,124.543022,-97.500000
156,Yellow,5,-197.392639,127.310516,-97.500000
157,Yellow,4,-42.069035,-180.643677,-103.500000
157,Yellow,5,-41.526134,-182.272278,-103.500000
157,Yellow,6,-42.611935,-181.729385,-106.500000
157,Yellow,7,-42.611935,-179.015076,-100.500000
157,Yellow,8,-41.526134,-176.300781,-97.500000
157,Yellow,9,-45.326237,-176.300781,-103.500000
158,Yellow,0,199.943359,119.992416,4.500000
158,Yellow,1,199.410858,119.992416,7.500000
159,Yellow,4,-106.063332,181.554626,-106.500000
159,Yellow,5,-109.384438,183.215118,-106.500000
159,Yellow,6,-104.956337,185.982712,-103.500000
159,Yellow,7,-103.295837,184.875626,-100.500000
159,Yellow,8,-104.956337,187.089722,-97.500000
159,Yellow,9,-108.277435,184.875626,-91.500000
160,Yellow,4,-43.154736,142.904617,-73.500000
160,Yellow,5,-42.069035,145.076126,-76.500000
160,Yellow,6,-40.983334,147.790421,-73.500000
160,Yellow,7,-38.268936,145.618912,-70.500000
160,Yellow,8,-38.268936,147.790421,-67.500000
160,Yellow,9,-43.154736,148.876114,-67.500000
161,Yellow,4,-155.210129,7.110019,-73.500000
161,Yellow,5,-156.807541,8.707419,-73.500000
161,Yellow,6,-157.872437,10.837319,-67.500000
161,Yellow,7,-155.210129,9.772419,-67.500000
161,Yellow,8,-155.742630,11.369720,-64.500000
161,Yellow,9,-161.599731,12.434719,-64.500000
162,Yellow,7,-107.883438,-141.864182,-121.500000
162,Yellow,8,-108.405838,-140.819275,-121.500000
162,Yellow,9,-112.063034,-140.296783,-127.500000
163,Yellow,8,139.715668,7.320319,-109.500000
163,Yellow,9,138.726563,7.814819,-109.500000
164,Yellow,9,109.252266,125.650017,-166.500000
165,Yellow,9,34.475166,81.017921,-148.500000
166,Yellow,9,63.632565,209.446426,-127.500000
167,Yellow,9,-6.005135,-106.337379,-124.500000
168,Yellow,9,-55.124134,132.601425,-112.500000
169,Yellow,0,50.419865,-133.504883,-217.500000
169,Yellow,1,58.256565,-137.162079,-217.500000
169,Yellow,2,58.256565,-133.504883,-214.500000
169,Yellow,3,58.779064,-132.459976,-205.500000
169,Yellow,4,57.211666,-137.162079,-214.500000
169,Yellow,5,57.211666,-137.162079,-214.500000
169,Yellow,6,56.689266,-138.206985,-214.500000
169,Yellow,7,55.121864,-138.206985,-214.500000
169,Yellow,8,57.211666,-138.729385,-214.500000
169,Yellow,9,57.211666,-136.117188,-214.500000
170,Yellow,9,-31.466835,-55.039883,-106.500000
171,Yellow,9,189.666061,60.732517,-79.500000
172,Yellow,0,131.441772,-180.314377,-64.500000
172,Yellow,1,135.814865,-178.856674,-64.500000
172,Yellow,2,133.385361,-176.912979,-61.500000
172,Yellow,3,132.413559,-174.969376,-58.500000
172,Yellow,4,131.927658,-177.398987,-58.500000
172,Yellow,5,130.469864,-176.912979,-58.500000
172,Yellow,6,132.413559,-177.398987,-64.500000
172,Yellow,7,132.899460,-174.969376,-61.500000
172,Yellow,8,134.357162,-172.053879,-58.500000
173,Yellow,0,31.283264,-31.028881,-64.500000
173,Yellow,1,34.148563,-31.028881,-61.500000
173,Yellow,2,35.581264,-32.461582,-61.500000
173,Yellow,3,37.491467,-34.371780,-58.500000
173,Yellow,4,37.013966,-33.416679,-58.500000
173,Yellow,5,35.581264,-32.939182,-58.500000
173,Yellow,6,38.924164,-30.551380,-58.500000
174,Yellow,0,-52.814533,0.064819,-70.500000
174,Yellow,1,-50.467136,-1.343581,-70.500000
174,Yellow,2,-49.528133,-4.160481,-67.500000
174,Yellow,3,-48.119637,-4.630081,-64.500000
174,Yellow,4,-48.589134,-6.038481,-64.500000
174,Yellow,5,-49.528133,-4.630081,-67.500000
174,Yellow,6,-49.058636,-3.691081,-64.500000
175,Yellow,0,-45.011635,28.740318,-61.500000
175,Yellow,1,-45.935036,28.278620,-61.500000
175,Yellow,2,-42.241535,24.585119,-58.500000
175,Yellow,3,-40.394733,24.123419,-55.500000
175,Yellow,4,-41.318134,22.738419,-55.500000
175,Yellow,5,-41.318134,25.508518,-55.500000
175,Yellow,6,-40.394733,24.585119,-52.500000
175,Yellow,7,-39.933037,25.970219,-52.500000
176,Yellow,0,28.387165,179.551712,-61.500000
176,Yellow,1,27.932964,178.643417,-61.500000
176,Yellow,2,30.657866,174.102020,-61.500000
176,Yellow,3,29.295465,174.102020,-58.500000
176,Yellow,4,29.749565,172.285416,-58.500000
176,Yellow,5,28.387165,174.556122,-64.500000
176,Yellow,6,30.203665,176.372726,-64.500000
176,Yellow,7,32.020264,177.735123,-64.500000
177,Yellow,0,104.270668,132.845612,-46.500000
177,Yellow,1,104.824165,133.952713,-46.500000
177,Yellow,2,104.824165,127.864021,-46.500000
177,Yellow,3,104.270668,127.310516,-46.500000
177,Yellow,4,104.270668,125.650017,-46.500000
178,Yellow,0,68.675667,127.704323,-49.500000
178,Yellow,1,68.675667,128.790115,-49.500000
178,Yellow,2,71.390068,122.275719,-49.500000
178,Yellow,3,72.475761,121.732819,-46.500000
178,Yellow,4,70.304268,122.818619,-46.500000
178,Yellow,5,71.932861,122.275719,-49.500000
178,Yellow,6,70.847168,127.161522,-55.500000
178,Yellow,7,75.190063,126.075821,-55.500000
178,Yellow,8,72.475761,127.704323,-49.500000
178,Yellow,9,70.304268,129.333023,-49.500000
179,Yellow,0,105.697266,195.069824,-43.500000
179,Yellow,1,104.632263,195.602325,-43.500000
179,Yellow,2,104.632263,192.407516,-40.500000
179,Yellow,3,105.164764,189.212723,-40.500000
179,Yellow,4,104.099861,189.745224,-40.500000
179,Yellow,5,106.229668,191.342621,-40.500000
179,Yellow,6,108.359566,192.940018,-49.500000
179,Yellow,7,107.827065,193.472519,-49.500000
179,Yellow,8,108.359566,195.602325,-43.500000
180,Yellow,0,-34.611633,110.550522,-235.500000
180,Yellow,1,-31.534836,110.550522,-238.500000
180,Yellow,2,-26.919535,106.448021,-238.500000
181,Yellow,0,42.583065,-70.288078,-37.500000
181,Yellow,1,46.240166,-70.288078,-37.500000
181,Yellow,2,45.717766,-69.765579,-37.500000
181,Yellow,3,45.195267,-68.720680,-37.500000
181,Yellow,4,45.717766,-71.855484,-37.500000
181,Yellow,5,45.195267,-71.855484,-40.500000
181,Yellow,6,46.762665,-71.855484,-40.500000
182,Yellow,0,79.745262,-58.677181,-37.500000
182,Yellow,1,83.334969,-60.215679,-37.500000
182,Yellow,2,83.847763,-59.702782,-37.500000
182,Yellow,3,83.847763,-58.677181,-37.500000
182,Yellow,4,83.847763,-60.215679,-37.500000
182,Yellow,5,81.796562,-60.215679,-37.500000
182,Yellow,6,82.822166,-58.164379,-37.500000
183,Yellow,0,109.015068,-46.983582,-40.500000
183,Yellow,1,112.036163,-47.990681,-40.500000
183,Yellow,2,109.015068,-46.480080,-40.500000
184,Yellow,0,-3.706035,-130.661285,-37.500000
184,Yellow,1,-0.244135,-130.661285,-37.500000
184,Yellow,2,0.744965,-129.672180,-34.500000
184,Yellow,3,1.734065,-131.650482,-31.500000
184,Yellow,4,0.250365,-132.639587,-31.500000
184,Yellow,5,-0.244135,-131.650482,-34.500000
184,Yellow,6,1.239565,-130.661285,-34.500000
184,Yellow,7,2.228665,-130.661285,-34.500000
185,Yellow,0,-189.744629,165.167526,-76.500000
185,Yellow,1,-186.829239,163.223816,-76.500000
185,Yellow,2,-184.399628,154.963425,-88.500000
185,Yellow,3,-181.484238,152.533813,-82.500000
185,Yellow,4,-184.885529,152.533813,-82.500000
185,Yellow,5,-185.371536,155.935226,-76.500000
186,Yellow,0,-57.542736,98.867119,-52.500000
186,Yellow,1,-59.453033,98.389618,-52.500000
186,Yellow,2,-55.632534,93.136421,-58.500000
186,Yellow,3,-53.722336,91.703720,-55.500000
186,Yellow,4,-54.199837,90.748619,-52.500000
186,Yellow,5,-56.110035,92.658920,-52.500000
187,Yellow,0,-89.904335,176.123825,-52.500000
187,Yellow,1,-90.373833,173.776321,-52.500000
187,Yellow,2,-86.148438,167.673019,-58.500000
187,Yellow,3,-85.209435,164.386520,-55.500000
187,Yellow,4,-84.739937,164.386520,-52.500000
187,Yellow,5,-86.148438,168.142426,-52.500000
187,Yellow,6,-86.617836,170.959412,-52.500000
188,Yellow,0,-4.382935,114.153023,-49.500000
189,Yellow,0,-144.809128,-13.834681,-70.500000
189,Yellow,1,-143.148636,-15.495281,-70.500000
189,Yellow,2,-139.827530,-17.709280,-70.500000
189,Yellow,3,-137.059937,-20.476881,-67.500000
189,Yellow,4,-138.167038,-21.583881,-67.500000
189,Yellow,5,-138.720535,-21.030380,-64.500000
189,Yellow,6,-138.720535,-17.155781,-61.500000
189,Yellow,7,-137.613541,-19.923281,-58.500000
190,Yellow,0,-44.240536,47.360119,-31.500000
190,Yellow,1,-43.697636,45.731621,-28.500000
190,Yellow,2,-40.440434,43.560120,-28.500000
190,Yellow,3,-39.897533,40.302917,-28.500000
190,Yellow,4,-39.897533,40.302917,-28.500000
190,Yellow,5,-40.440434,42.474319,-28.500000
190,Yellow,6,-38.811836,43.017220,-28.500000
190,Yellow,7,-37.183235,44.103020,-28.500000
190,Yellow,8,-37.183235,46.274418,-22.500000
190,Yellow,9,-43.697636,47.903019,-19.500000
191,Yellow,0,105.202568,12.591819,-235.500000
191,Yellow,1,110.061668,12.105919,-235.500000
191,Yellow,2,112.977165,13.563619,-226.500000
191,Yellow,3,111.033562,14.535419,-220.500000
191,Yellow,4,108.603966,10.162219,-235.500000
191,Yellow,5,109.089867,11.620019,-235.500000
192,Yellow,0,182.904465,-159.551178,-31.500000
192,Yellow,1,187.164261,-159.018784,-28.500000
192,Yellow,2,185.566864,-155.291473,-28.500000
192,Yellow,3,184.501862,-154.758987,-28.500000
192,Yellow,4,184.501862,-154.758987,-28.500000
192,Yellow,5,181.839569,-155.823975,-28.500000
192,Yellow,6,182.904465,-154.226578,-31.500000
192,Yellow,7,183.436966,-150.499283,-31.500000
193,Yellow,0,106.322266,156.979019,-22.500000
193,Yellow,1,103.710068,156.979019,-22.500000
193,Yellow,2,105.277367,152.276917,-22.500000
193,Yellow,3,103.710068,151.754425,-22.500000
193,Yellow,4,105.799866,150.187119,-22.500000
193,Yellow,5,104.232468,152.276917,-22.500000
193,Yellow,6,106.844765,156.456512,-31.500000
193,Yellow,7,107.889664,155.934113,-31.500000
193,Yellow,8,108.412064,158.023926,-25.500000
193,Yellow,9,105.277367,158.023926,-22.500000
194,Yellow,0,-136.661133,-37.651981,-28.500000
194,Yellow,1,-134.609940,-39.190380,-28.500000
194,Yellow,2,-133.584229,-41.241581,-31.500000
194,Yellow,3,-132.045837,-43.805679,-28.500000
194,Yellow,4,-131.020233,-44.318481,-28.500000
194,Yellow,5,-132.558640,-42.780083,-28.500000
194,Yellow,6,-130.507431,-40.215981,-22.500000
194,Yellow,7,-131.020233,-41.241581,-22.500000
195,Yellow,0,-155.332535,99.037018,-28.500000
195,Yellow,1,-155.836136,98.029922,-28.500000
195,Yellow,2,-152.311432,91.484222,-28.500000
195,Yellow,3,-149.290329,89.973618,-25.500000
195,Yellow,4,-149.290329,91.484222,-25.500000
195,Yellow,5,-150.800934,92.994720,-25.500000
195,Yellow,6,-147.276230,94.505318,-22.500000
195,Yellow,7,-144.758636,91.987717,-22.500000
195,Yellow,8,-148.283340,97.022919,-10.500000
195,Yellow,9,-152.814941,96.015816,-10.500000
196,Yellow,0,-5.189735,157.171326,-28.500000
196,Yellow,1,-6.178835,155.193115,-28.500000
196,Yellow,2,-3.211535,149.752914,-31.500000
196,Yellow,3,-2.716935,146.291016,-31.500000
196,Yellow,4,-4.200635,147.280212,-31.500000
196,Yellow,5,-4.695135,150.742126,-31.500000
196,Yellow,6,-2.716935,152.225723,-31.500000
196,Yellow,7,-0.244135,150.742126,-34.500000
197,Yellow,0,83.822563,98.597816,-28.500000
197,Yellow,1,82.850761,99.083717,-28.500000
197,Yellow,2,85.280266,95.682419,-31.500000
197,Yellow,3,86.738068,95.196419,-31.500000
197,Yellow,4,86.252068,94.710518,-31.500000
197,Yellow,5,83.336662,96.654221,-31.500000
197,Yellow,6,86.252068,99.569717,-34.500000
197,Yellow,7,86.738068,97.626022,-37.500000
197,Yellow,8,89.167564,100.541519,-31.500000
198,Yellow,0,29.546764,-125.643883,-22.500000
198,Yellow,1,32.314266,-124.536880,-19.500000
198,Yellow,2,35.081863,-126.197380,-19.500000
198,Yellow,3,34.528366,-126.750877,-19.500000
198,Yellow,4,33.421364,-127.304382,-19.500000
198,Yellow,5,32.867867,-126.750877,-22.500000
198,Yellow,6,32.867867,-123.983383,-22.500000
199,Yellow,0,-50.754837,165.162125,-16.500000
199,Yellow,1,-50.212036,161.362122,-16.500000
199,Yellow,2,-49.126335,154.847717,-19.500000
199,Yellow,3,-49.126335,151.590515,-19.500000
199,Yellow,4,-49.669136,153.219116,-19.500000
199,Yellow,5,-49.669136,157.019119,-19.500000
200,Yellow,0,130.723068,44.915020,-19.500000
200,Yellow,1,129.658066,42.252720,-19.500000
200,Yellow,2,130.190567,42.252720,-19.500000
201,Yellow,0,160.657364,80.700821,-25.500000
201,Yellow,1,162.224762,81.745720,-25.500000
201,Yellow,2,161.702362,78.088615,-25.500000
201,Yellow,3,161.179871,78.088615,-25.500000
201,Yellow,4,158.567566,78.088615,-22.500000
201,Yellow,5,160.657364,78.088615,-31.500000
201,Yellow,6,162.224762,80.700821,-34.500000
